"ID","First","L ast","Email"
"111111","Jerrod","Shields","jshields"
"111112","Luke","Gillespie","lgillespie"
"111113","Emerson","Scott","escott"
"111114","Alma","Kidd","akidd"
"111115","Enid","Keith","ekeith"
"111116","Scottie","Adams","sadams"
"111117","Ursula","Peters","upeters"
"111118","Elva","Cobb","ecobb"
"111119","Roseann","Townsend","rtownsend"
"111120","Jacob","Ferrell","jferrell"
"111121","Antwan","Bird","abird"
"111122","Vance","McClain","vmcclain"
"111123","Cherry","Hayden","chayden"
"111124","Sue","Wilkins","swilkins"
"111125","Theodore","Campbell","tcampbell"
"111126","Colette","Huber","chuber"
"111127","Mickey","Guerra","mguerra"
"111128","Maritza","Abbott","mabbott"
"111129","Ava","Watson","awatson"
"111130","Ben","Brady","bbrady"
"111131","Kenny","Morales","kmorales"
"111132","Jarrod","Holman","jholman"
"111133","Rory","Smith","rsmith"
"111134","Iva","Fox","ifox"
"111135","Earnestine","Ayala","eayala"
"111136","Rodrick","Sims","rsims"
"111137","Vicky","Dejesus","vdejesus"
"111138","Glenn","Bean","gbean"
"111139","Jessie","Hernandez","jhernandez"
"111140","Efrain","Bowers","ebowers"
"111141","Forest","Rasmussen","frasmussen"
"111142","Grant","Stevenson","gstevenson"
"111143","Mario","Larsen","mlarsen"
"111144","Ricky","Bartlett","rbartlett"
"111145","Mildred","Petty","mpetty"
"111146","Merlin","Gilliam","mgilliam"
"111147","Juliet","Rutledge","jrutledge"
"111148","Glen","Goodman","ggoodman"
"111149","Bryan","Ortega","bortega"
"111150","Danielle","Woodward","dwoodward"
"111151","Leonel","Myers","lmyers"
"111152","Tracy","Franklin","tfranklin"
"111153","Quentin","Harrison","qharrison"
"111154","Brendan","Salas","bsalas"
"111155","Lavern","Nieves","lnieves"
"111156","Danny","Brooks","dbrooks"
"111157","Andy","Joyner","ajoyner"
"111158","Aaron","McConnell","amcconnell"
"111159","Norris","Fry","nfry"
"111160","August","Contreras","acontreras"
"111161","Rubin","Goodman","rgoodman"
"111162","Lance","Glenn","lglenn"
"111163","Dirk","Kelley","dkelley"
"111164","Angel","Cantrell","acantrell"
"111165","Robert","Buckner","rbuckner"
"111166","Clinton","Lester","clester"
"111167","Jorge","Herrera","jherrera"
"111168","Richard","Livingston","rlivingston"
"111169","Otis","Pate","opate"
"111170","Carmine","Good","cgood"
"111171","Ernest","Beck","ebeck"
"111172","Tameka","Kemp","tkemp"
"111173","Eldon","Gibbs","egibbs"
"111174","Lionel","Dale","ldale"
"111175","Deirdre","Burns","dburns"
"111176","Darnell","Pacheco","dpacheco"
"111177","Blake","Newton","bnewton"
"111178","Elton","Wells","ewells"
"111179","Staci","Bryan","sbryan"
"111180","Lynnette","Sampson","lsampson"
"111181","Dorian","Chang","dchang"
"111182","Jayne","Kerr","jkerr"
"111183","Jeanine","Harrell","jharrell"
"111184","Angel","Salas","asalas"
"111185","Maynard","Aguirre","maguirre"
"111186","Angelina","Fitzpatrick","afitzpatrick"
"111187","Darin","Hines","dhines"
"111188","Adan","Murray","amurray"
"111189","Katherine","Evans","kevans"
"111190","Theodore","Oliver","toliver"
"111191","Isaiah","Dotson","idotson"
"111192","Cyrus","Booker","cbooker"
"111193","Lou","Small","lsmall"
"111194","Earnest","Dodson","edodson"
"111195","Selena","Phelps","sphelps"
"111196","Reginald","Franco","rfranco"
"111197","Mona","Cotton","mcotton"
"111198","Sergio","Tucker","stucker"
"111199","Brock","Merrill","bmerrill"
"111200","Concetta","Skinner","cskinner"
"111201","Lincoln","Jarvis","ljarvis"
"111202","Michael","Simpson","msimpson"
"111203","Jessie","Meyer","jmeyer"
"111204","Dorothea","Lloyd","dlloyd"
"111205","Millard","Puckett","mpuckett"
"111206","Leslie","Meyers","lmeyers"
"111207","Marilyn","Shields","mshields"
"111208","Clarissa","Nelson","cnelson"
"111209","Georgia","Guzman","gguzman"
"111210","Emory","Pittman","epittman"
"111211","Glenn","Gamble","ggamble"
"111212","Clay","David","cdavid"
"111213","Terrance","Mayo","tmayo"
"111214","Edmund","Tillman","etillman"
"111215","Norris","Burnett","nburnett"
"111216","Arnulfo","Travis","atravis"
"111217","Erna","Bean","ebean"
"111218","Rolando","Schroeder","rschroeder"
"111219","Ilene","Moore","imoore"
"111220","Ivory","Simon","isimon"
"111221","Tyrone","Frank","tfrank"
"111222","Coleen","Larsen","clarsen"
"111223","Gregorio","Wolf","gwolf"
"111224","Susie","Franco","sfranco"
"111225","Brendan","Whitaker","bwhitaker"
"111226","Jimmie","Brown","jbrown"
"111227","Felix","Ayers","fayers"
"111228","Winnie","Roberson","wroberson"
"111229","Morris","Cobb","mcobb"
"111230","Lester","Coffey","lcoffey"
"111231","Bernice","Cherry","bcherry"
"111232","Isidro","Thomas","ithomas"
"111233","Nikki","Cherry","ncherry"
"111234","Steven","Witt","switt"
"111235","Angeline","Sharpe","asharpe"
"111236","Kelvin","Castillo","kcastillo"
"111237","Annmarie","Owen","aowen"
"111238","Doug","York","dyork"
"111239","Kellie","Welch","kwelch"
"111240","Lester","Fernandez","lfernandez"
"111241","Arnold","Moore","amoore"
"111242","Marissa","Combs","mcombs"
"111243","Devin","Tran","dtran"
"111244","Reinaldo","Nelson","rnelson"
"111245","Jackie","Carlson","jcarlson"
"111246","Elvin","Valenzuela","evalenzuela"
"111247","Alexandria","Dickson","adickson"
"111248","Claire","Carpenter","ccarpenter"
"111249","Della","Osborne","dosborne"
"111250","Tom","Pittman","tpittman"
"111251","Sybil","Rios","srios"
"111252","Dusty","Holmes","dholmes"
"111253","Josue","Peters","jpeters"
"111254","Mavis","Fry","mfry"
"111255","Rudy","Powell","rpowell"
"111256","Tina","Matthews","tmatthews"
"111257","Rhoda","Hurley","rhurley"
"111258","Derek","Fields","dfields"
"111259","Wesley","O'Neil","woneil"
"111260","Darren","Parks","dparks"
"111261","John","Vance","jvance"
"111262","Lea","Shaffer","lshaffer"
"111263","Mason","Baker","mbaker"
"111264","Chad","Benjamin","cbenjamin"
"111265","Caleb","Bolton","cbolton"
"111266","Marissa","Dejesus","mdejesus"
"111267","Ruby","Carey","rcarey"
"111268","Vicky","Landry","vlandry"
"111269","Manuel","Lawson","mlawson"
"111270","Olivia","Roberts","oroberts"
"111271","Dena","Bennett","dbennett"
"111272","Bennie","Cantu","bcantu"
"111273","Stephan","Chapman","schapman"
"111274","Leland","Howell","lhowell"
"111275","Elvira","Freeman","efreeman"
"111276","Laverne","Chavez","lchavez"
"111277","Alan","Burt","aburt"
"111278","Johanna","Fry","jfry"
"111279","Tyler","Combs","tcombs"
"111280","Melisa","Whitaker","mwhitaker"
"111281","Robert","Soto","rsoto"
"111282","Carson","Moody","cmoody"
"111283","Loretta","Francis","lfrancis"
"111284","Quinton","Porter","qporter"
"111285","Irma","Glover","iglover"
"111286","Ericka","Schneider","eschneider"
"111287","Alvaro","Copeland","acopeland"
"111288","Coy","Ochoa","cochoa"
"111289","Courtney","Cortez","ccortez"
"111290","Lori","Farmer","lfarmer"
"111291","Marlin","Jones","mjones"
"111292","Amparo","Benjamin","abenjamin"
"111293","Christopher","Garza","cgarza"
"111294","Katina","Christensen","kchristensen"
"111295","Dorian","Burton","dburton"
"111296","Rory","Bryan","rbryan"
"111297","Rhea","Kaufman","rkaufman"
"111298","Darwin","Lindsey","dlindsey"
"111299","Sergio","McLean","smclean"
"111300","Billie","Davenport","bdavenport"
"111301","Casey","Waters","cwaters"
"111302","Lorie","Russo","lrusso"
"111303","Sean","Wolf","swolf"
"111304","Lauri","Preston","lpreston"
"111305","Taylor","Ortiz","tortiz"
"111306","Caleb","Guy","cguy"
"111307","Rosanne","Mathews","rmathews"
"111308","Karina","Strickland","kstrickland"
"111309","Kirsten","Winters","kwinters"
"111310","Diego","Christensen","dchristensen"
"111311","Kris","Mills","kmills"
"111312","Williams","Murphy","wmurphy"
"111313","Lori","Chang","lchang"
"111314","Lucy","Sykes","lsykes"
"111315","Mia","Dawson","mdawson"
"111316","Berta","Hale","bhale"
"111317","Meagan","Hart","mhart"
"111318","Cathleen","Guzman","cguzman"
"111319","Bernardo","Stevenson","bstevenson"
"111320","Jasper","Hernandez","jhernandez1"
"111321","James","Fuentes","jfuentes"
"111322","Clare","Heath","cheath"
"111323","Minnie","Jackson","mjackson"
"111324","Nathaniel","Ward","nward"
"111325","Derek","Bowen","dbowen"
"111326","Melvin","Vazquez","mvazquez"
"111327","Neal","Johns","njohns"
"111328","Randy","Stephenson","rstephenson"
"111329","Molly","Delaney","mdelaney"
"111330","Winston","Glenn","wglenn"
"111331","Lynne","Cobb","lcobb"
"111332","Jarrett","Mayer","jmayer"
"111333","Vincent","Joseph","vjoseph"
"111334","Cleveland","Guerrero","cguerrero"
"111335","Ira","Richardson","irichardson"
"111336","Lorrie","Ellison","lellison"
"111337","Elias","Talley","etalley"
"111338","Clement","Le","cle"
"111339","Keisha","Stone","kstone"
"111340","Moises","Potts","mpotts"
"111341","Chris","Blanchard","cblanchard"
"111342","Pearlie","Hancock","phancock"
"111343","Randy","Kim","rkim"
"111344","Tammie","Ewing","tewing"
"111345","Alisa","Shaw","ashaw"
"111346","Bobbie","Moore","bmoore"
"111347","Colby","Barr","cbarr"
"111348","Kaye","Pierce","kpierce"
"111349","Jonas","Miranda","jmiranda"
"111350","Anton","Wood","awood"
"111351","Charley","Sheppard","csheppard"
"111352","Denver","Skinner","dskinner"
"111353","Gail","Carver","gcarver"
"111354","Kendrick","Lawson","klawson"
"111355","Cyril","Best","cbest"
"111356","Charlie","Shepherd","cshepherd"
"111357","Jonas","Potts","jpotts"
"111358","Ray","Armstrong","rarmstrong"
"111359","Cyrus","Mays","cmays"
"111360","Alonzo","Schmidt","aschmidt"
"111361","Jacklyn","Simpson","jsimpson"
"111362","Jess","Rowe","jrowe"
"111363","Tamika","Hinton","thinton"
"111364","Ronnie","William","rwilliam"
"111365","Brendan","Gamble","bgamble"
"111366","Willie","Lloyd","wlloyd"
"111367","Misty","Marquez","mmarquez"
"111368","Emery","Roth","eroth"
"111369","Booker","Maynard","bmaynard"
"111370","Eloy","Wise","ewise"
"111371","Dwight","Schneider","dschneider"
"111372","Kurt","Mullins","kmullins"
"111373","Demetrius","Winters","dwinters"
"111374","Rosella","Fitzpatrick","rfitzpatrick"
"111375","Denny","Keith","dkeith"
"111376","Nell","Burt","nburt"
"111377","Brady","Doyle","bdoyle"
"111378","Roberto","Thompson","rthompson"
"111379","Lauren","O'Brien","lobrien"
"111380","Sarah","Contreras","scontreras"
"111381","Rex","Gilliam","rgilliam"
"111382","Mauricio","Harrington","mharrington"
"111383","Abby","Berry","aberry"
"111384","Sammie","Blanchard","sblanchard"
"111385","Vera","Shepherd","vshepherd"
"111386","Jesus","Wolfe","jwolfe"
"111387","Damon","Shaffer","dshaffer"
"111388","Nicolas","Miles","nmiles"
"111389","Donny","Odom","dodom"
"111390","Parker","Davenport","pdavenport"
"111391","Aurora","Foreman","aforeman"
"111392","Silvia","Ewing","sewing"
"111393","Ricky","Lang","rlang"
"111394","Nigel","Fields","nfields"
"111395","Bridgett","Grimes","bgrimes"
"111396","Sylvester","McLeod","smcleod"
"111397","Kurtis","Hyde","khyde"
"111398","Clyde","Duffy","cduffy"
"111399","Dewey","Roberts","droberts"
"111400","Rosalyn","Dotson","rdotson"
"111401","Frank","Castillo","fcastillo"
"111402","Scotty","Horne","shorne"
"111403","Jeffrey","Drake","jdrake"
"111404","Ross","Bauer","rbauer"
"111405","Augustine","Osborne","aosborne"
"111406","Glenna","Walter","gwalter"
"111407","Ed","Terrell","eterrell"
"111408","Guadalupe","Alford","galford"
"111409","Bret","Marsh","bmarsh"
"111410","Rory","Dominguez","rdominguez"
